CREATE DATABASE pokedex;
USE pokedex;
CREATE TABLE pokemon (
  NAT_NO INT,
	HOENN_NO INT,
	NAME CHAR(50),
	TYPE CHAR(50),
  TYPE2 CHAR(50),
	HP INT,
	ATK INT,
	DEF INT,
	SAT INT,
	SDF INT,
	SPD INT,
	BST INT
);
INSERT INTO pokemon VALUES (387,NULL,"TURTWIG","GRASS",NULL,55,68,64,45,55,31,318);
INSERT INTO pokemon VALUES (388,NULL,"GROTLE","GRASS",NULL,75,89,85,55,65,36,405);
INSERT INTO pokemon VALUES (389,NULL,"TORTERRA","GRASS","GROUND",95,109,105,75,85,56,525);
INSERT INTO pokemon VALUES (390,NULL,"CHIMCHAR","FIRE",NULL,44,58,44,58,44,61,309);
INSERT INTO pokemon VALUES (391,NULL,"MONFERNO","FIRE","FIGHT",64,78,52,78,52,81,405);
INSERT INTO pokemon VALUES (392,NULL,"INFERNAPE","FIRE","FIGHT",76,104,71,104,71,108,534);
INSERT INTO pokemon VALUES (393,NULL,"PIPLUP","WATER",NULL,53,51,53,61,56,40,314);
INSERT INTO pokemon VALUES (394,NULL,"PRINPLUP","WATER",NULL,64,66,68,81,76,50,405);
INSERT INTO pokemon VALUES (395,NULL,"EMPOLEON","WATER","STEEL",84,86,88,111,101,60,530);
INSERT INTO pokemon VALUES (396,NULL,"STARLY","NORMAL","FLYING",40,55,30,30,30,60,245);
INSERT INTO pokemon VALUES (397,NULL,"STARAVIA","NORMAL","FLYING",55,75,50,40,40,80,340);
INSERT INTO pokemon VALUES (398,NULL,"STARAPTOR","NORMAL","FLYING",85,120,70,50,60,100,485);
INSERT INTO pokemon VALUES (399,NULL,"BIDOOF","NORMAL",NULL,59,45,40,35,40,31,250);
INSERT INTO pokemon VALUES (400,NULL,"BIBAREL","NORMAL","WATER",79,85,60,55,60,71,410);
INSERT INTO pokemon VALUES (401,NULL,"KRICKETOT","BUG",NULL,37,25,41,25,41,25,194);
INSERT INTO pokemon VALUES (402,NULL,"KRICKETUNE","BUG",NULL,77,85,51,55,51,65,384);
INSERT INTO pokemon VALUES (403,NULL,"SHINX","ELECTR",NULL,45,65,34,40,34,45,263);
INSERT INTO pokemon VALUES (404,NULL,"LUXIO","ELECTR",NULL,60,85,49,60,49,60,363);
INSERT INTO pokemon VALUES (405,NULL,"LUXRAY","ELECTR",NULL,80,120,79,95,79,70,523);
INSERT INTO pokemon VALUES (406,97,"BUDEW","GRASS","POISON",40,30,35,50,70,55,280);
INSERT INTO pokemon VALUES (407,99,"ROSERADE","GRASS","POISON",60,70,65,125,105,90,515);
INSERT INTO pokemon VALUES (408,NULL,"CRANIDOS","ROCK",NULL,67,125,40,30,30,58,350);
INSERT INTO pokemon VALUES (409,NULL,"RAMPARDOS","ROCK",NULL,97,165,60,65,50,58,495);
INSERT INTO pokemon VALUES (410,NULL,"SHIELDON","ROCK","STEEL",30,42,118,42,88,30,350);
INSERT INTO pokemon VALUES (411,NULL,"BASTIODON","ROCK","STEEL",60,52,168,47,138,30,495);
INSERT INTO pokemon VALUES (412,NULL,"BURMY","BUG",NULL,40,29,45,29,45,36,224);
INSERT INTO pokemon VALUES (413,NULL,"WORMADAM","BUG","GRASS",60,59,85,79,105,36,424);
INSERT INTO pokemon VALUES (413,NULL,"WORMADAM","BUG","GROUND",60,79,105,59,85,36,424);
INSERT INTO pokemon VALUES (413,NULL,"WORMADAM","BUG","STEEL",60,69,95,69,95,36,424);
INSERT INTO pokemon VALUES (414,NULL,"MOTHIM","BUG","FLYING",70,94,50,94,50,66,424);
INSERT INTO pokemon VALUES (415,NULL,"COMBEE","BUG","FLYING",30,30,42,30,42,70,244);
INSERT INTO pokemon VALUES (416,NULL,"VESPIQUEN","BUG","FLYING"70,80,102,80,102,40,474);
INSERT INTO pokemon VALUES (417,NULL,"PACHIRISU","ELECTR",NULL,60,45,70,45,90,95,405);
INSERT INTO pokemon VALUES (418,NULL,"BUIZEL","WATER",NULL,55,65,35,60,30,85,330);
INSERT INTO pokemon VALUES (419,NULL,"FLOATZEL","WATER",NULL,85,105,55,85,50,115,495);
INSERT INTO pokemon VALUES (420,NULL,"CHERUBI","GRASS",NULL,45,35,45,62,53,35,275);
INSERT INTO pokemon VALUES (421,NULL,"CHERRIM","GRASS",NULL,70,60,70,87,78,85,450);
INSERT INTO pokemon VALUES (421,NULL,"CHERRIM","GRASS",NULL,70,60,70,87,78,85,450);
INSERT INTO pokemon VALUES (422,NULL,"SHELLOS","WATER",NULL,76,48,48,57,62,34,325);
INSERT INTO pokemon VALUES (423,NULL,"GASTRODON","WATER","GROUND",111,83,68,92,82,39,475);
INSERT INTO pokemon VALUES (424,NULL,"AMBIPOM","NORMAL",NULL,75,100,66,60,66,115,482);
INSERT INTO pokemon VALUES (425,NULL,"DRIFLOON","GHOST","FLYING",90,50,34,60,44,70,348);
INSERT INTO pokemon VALUES (426,NULL,"DRIFBLIM","GHOST","FLYING"150,80,44,90,54,80,498);
INSERT INTO pokemon VALUES (427,NULL,"BUNEARY","NORMAL",NULL,55,66,44,44,56,85,350);
INSERT INTO pokemon VALUES (428,NULL,"LOPUNNY","NORMAL",NULL,65,76,84,54,96,105,480);
INSERT INTO pokemon VALUES (428,NULL,"MEGA LOPUNNY","NORMAL","FIGHT",65,136,94,54,96,135,580);
INSERT INTO pokemon VALUES (429,NULL,"MISMAGIUS","GHOST",NULL,60,60,60,105,105,105,495);
INSERT INTO pokemon VALUES (430,NULL,"HONCHKROW","DARK","FLYING",100,125,52,105,52,71,505);
INSERT INTO pokemon VALUES (431,NULL,"GLAMEOW","NORMAL",NULL,49,55,42,42,37,85,310);
INSERT INTO pokemon VALUES (432,NULL,"PURUGLY","NORMAL",NULL,71,82,64,64,59,112,452);
INSERT INTO pokemon VALUES (433,157,"CHINGLING","PSYCHC",NULL,45,30,50,65,50,45,285);
INSERT INTO pokemon VALUES (434,NULL,"STUNKY","POISON","DARK",63,63,47,41,41,74,329);
INSERT INTO pokemon VALUES (435,NULL,"SKUNTANK","POISON","DARK",103,93,67,71,61,84,479);
INSERT INTO pokemon VALUES (436,NULL,"BRONZOR","STEEL","PSYCHC",57,24,86,24,86,23,300);
INSERT INTO pokemon VALUES (437,NULL,"BRONZONG","STEEL","PSYCHC",67,89,116,79,116,33,500);
INSERT INTO pokemon VALUES (438,NULL,"BONSLY","ROCK",NULL,50,80,95,10,45,10,290);
INSERT INTO pokemon VALUES (439,NULL,"MIME JR.","PSYCHC","FAIRY",20,25,45,70,90,60,310);
INSERT INTO pokemon VALUES (440,NULL,"HAPPINY","NORMAL",NULL,100,5,5,15,65,30,220);
INSERT INTO pokemon VALUES (441,NULL,"CHATOT","NORMAL","FLYING",76,65,45,92,42,91,411);
INSERT INTO pokemon VALUES (442,NULL,"SPIRITBOMB","GHOST","DARK",50,92,108,92,108,35,485);
INSERT INTO pokemon VALUES (443,NULL,"GIBLE","DRAGON","GROUND",58,70,45,40,45,42,300);
INSERT INTO pokemon VALUES (444,NULL,"GABITE","DRAGON","GROUND",68,90,65,50,55,82,410);
INSERT INTO pokemon VALUES (445,NULL,"GARCHOMP","DRAGON","GROUND",108,130,95,80,85,102,600);
INSERT INTO pokemon VALUES (445,NULL,"MEGA GARCHOMP","DRAGON","GROUND",108,170,115,120,95,92,700);
INSERT INTO pokemon VALUES (446,NULL,"MUNCHLAX","NORMAL",NULL,135,85,40,40,85,5,390);
INSERT INTO pokemon VALUES (447,NULL,"RIOLU","FIGHT",NULL,40,70,40,35,40,60,285);
INSERT INTO pokemon VALUES (448,NULL,"LUCARIO","FIGHT","STEEL",70,110,70,115,70,90,525);
INSERT INTO pokemon VALUES (448,NULL,"MEGA LUCARIO","FIGHT","STEEL",70,145,88,140,70,112,625);
INSERT INTO pokemon VALUES (449,NULL,"HIPPOPOTAS","GROUNG",NULL,68,72,78,38,42,32,330);
INSERT INTO pokemon VALUES (450,NULL,"HIPPOWDON","GROUND",NULL,68,90,65,50,55,82,410);
INSERT INTO pokemon VALUES (451,NULL,"SKORUPI","POISON","BUG",40,50,90,30,55,65,330);
INSERT INTO pokemon VALUES (452,NULL,"DRAPION","POISON","DARK",70,90,110,60,75,95,500);
INSERT INTO pokemon VALUES (453,NULL,"CROAGUNK","POISON","FIGHT",48,61,65,50,55,82,410);


CREATE TABLE stronga (
  TYPE CHAR(50),
  STRONGAGAINST CHAR(70)
);
INSERT INTO stronga VALUES("NORMAL",NULL);
INSERT INTO stronga VALUES("FIGHTING","Normal, Rock, Steel, Ice, Dark");
INSERT INTO stronga VALUES("FLYING","Fighting, Bug, Grass");
INSERT INTO stronga VALUES("POISON","Grass, Fairy");
INSERT INTO stronga VALUES("GROUND","Poison, Rock, Steel, Fire, Electric");
INSERT INTO stronga VALUES("ROCK","Flying, Bug, Fire, Ice");
INSERT INTO stronga VALUES("BUG","Grass, Psychic, Dark");
INSERT INTO stronga VALUES("GHOST","Ghost, Psychic");
INSERT INTO stronga VALUES("STEEL","Rock, Ice, Fairy");
INSERT INTO stronga VALUES("FIRE","Bug, Steel, Grass, Ice");
INSERT INTO stronga VALUES("WATER","Ground, Rock, Fire");
INSERT INTO stronga VALUES("GRASS","Ground, Rock, Water");
INSERT INTO stronga VALUES("ELECTRIC","Flying, Water");
INSERT INTO stronga VALUES("PSYCHIC","Fighting, Poison");
INSERT INTO stronga VALUES("ICE","Flying, Ground, Grass, Dragon");
INSERT INTO stronga VALUES("DRAGON","Dragon");
INSERT INTO stronga VALUES("FAIRY","Fighting, Dragon, Dark");
INSERT INTO stronga VALUES("DARK","Ghost, Psychic");

CREATE TABLE weaka (
  TYPE CHAR(50),
  WEAKAGAINST CHAR(70)
);
INSERT INTO weaka VALUES("NORMAL","Rock, Ghost, Steel ");
INSERT INTO weaka VALUES("FIGHTING","Flying, Poison, Psychic, Bug, Ghost, Fairy");
INSERT INTO weaka VALUES("FLYING","Rock, Steel, Electric");
INSERT INTO weaka VALUES("POISON","Poison, Ground, Rock, Ghost, Steel");
INSERT INTO weaka VALUES("GROUND","Flying, Bug, Grass");
INSERT INTO weaka VALUES("ROCK","Fighting, Ground, Steel");
INSERT INTO weaka VALUES("BUG","Fighting, Flying, Poison, Ghost, Steel, Fire, Fairy");
INSERT INTO weaka VALUES("GHOST","Normal, Dark");
INSERT INTO weaka VALUES("STEEL","Steel, Fire, Water, Electric");
INSERT INTO weaka VALUES("FIRE","Rock, Fire, Water, Dragon");
INSERT INTO weaka VALUES("WATER","Water, Grass, Dragon");
INSERT INTO weaka VALUES("GRASS","Flying, Poison, Bug, Steel, Fire, Grass, Dragon");
INSERT INTO weaka VALUES("ELECTRIC","Ground, Grass, Electric, Dragon");
INSERT INTO weaka VALUES("PSYCHIC","Steel, Psychic, Dark");
INSERT INTO weaka VALUES("ICE","Steel, Fire, Water, Ice");
INSERT INTO weaka VALUES("DRAGON","Steel, Fairy");
INSERT INTO weaka VALUES("FAIRY","Poison, Steel, Fire");
INSERT INTO weaka VALUES("DARK","Fighting, Dark, Fairy");

CREATE TABLE resistant (
  TYPE CHAR(50),
  RESISTANTTO CHAR(70)
);
INSERT INTO resistant VALUES("NORMAL","Ghost");
INSERT INTO resistant VALUES("FIGHTING","Rock, Bug, Dark");
INSERT INTO resistant VALUES("FLYING","Fighting, Ground, Bug, Grass");
INSERT INTO resistant VALUES("POISON","Fighting, Poison, Grass, Fairy");
INSERT INTO resistant VALUES("GROUND","Poison, Rock, Electric");
INSERT INTO resistant VALUES("ROCK","Normal, Flying, Poison, Fire");
INSERT INTO resistant VALUES("BUG","Fighting, Ground, Grass");
INSERT INTO resistant VALUES("GHOST","Normal, Fighting, Poison, Bug");
INSERT INTO resistant VALUES("STEEL","Normal, Flying, Poison, Rock, Bug, Steel, Grass, Psychic, Ice, Dragon, Fairy");
INSERT INTO resistant VALUES("FIRE","Bug, Steel, Fire, Grass, Ice");
INSERT INTO resistant VALUES("WATER","Steel, Fire, Water, Ice");
INSERT INTO resistant VALUES("GRASS","Ground, Water, Grass, Electric");
INSERT INTO resistant VALUES("ELECTRIC","Flying, Steel, Electric");
INSERT INTO resistant VALUES("PSYCHIC","Fighting, Psychic");
INSERT INTO resistant VALUES("ICE","Ice");
INSERT INTO resistant VALUES("DRAGON","Fire, Water, Grass, Electric");
INSERT INTO resistant VALUES("FAIRY","Fighting, Bug, Dragon, Dark");
INSERT INTO resistant VALUES("DARK","Ghost, Psychic, Dark");

CREATE TABLE vulnerable (
  TYPE CHAR(50),
  VULNERABLETO  CHAR(70)
);
INSERT INTO vulnerable VALUES("NORMAL","Fighting");
INSERT INTO vulnerable VALUES("FIGHTING","Flying, Psychic, Fairy");
INSERT INTO vulnerable VALUES("FLYING","Rock, Electric, Ice");
INSERT INTO vulnerable VALUES("POISON","Ground, Psychic");
INSERT INTO vulnerable VALUES("GROUND","Water, Grass, Ice");
INSERT INTO vulnerable VALUES("ROCK","Fighting, Ground, Steel, Water, Grass");
INSERT INTO vulnerable VALUES("BUG","Flying, Rock, Fire");
INSERT INTO vulnerable VALUES("GHOST","Ghost, Dark");
INSERT INTO vulnerable VALUES("STEEL","Fighting, Ground, Fire");
INSERT INTO vulnerable VALUES("FIRE","Ground, Rock, Water");
INSERT INTO vulnerable VALUES("WATER","Grass, Electric");
INSERT INTO vulnerable VALUES("GRASS","Flying, Poison, Bug, Fire, Ice");
INSERT INTO vulnerable VALUES("ELECTRIC","Ground");
INSERT INTO vulnerable VALUES("PSYCHIC","Bug, Ghost, Dark");
INSERT INTO vulnerable VALUES("ICE","Fighting, Rock, Steel, Fire");
INSERT INTO vulnerable VALUES("DRAGON","Ice, Dragon, Fairy");
INSERT INTO vulnerable VALUES("FAIRY","Poison, Steel");
INSERT INTO vulnerable VALUES("DARK","Fighting, Bug, Fairy ");
